source_key,course_name,note
addvanced cardiovascular life support acls course,Advanced Cardiovascular Life Support (ACLS) Course,"typo; similarity 0.99, reviewed"
advanced cardiovascula rlife support acls course,Advanced Cardiovascular Life Support (ACLS) Course,"typo; similarity 0.98, reviewed"
advanced cardiovascular life support acls ocurse,Advanced Cardiovascular Life Support (ACLS) Course,"typo; similarity 0.98, reviewed"
advanced cardiovascular life support acls ourse,Advanced Cardiovascular Life Support (ACLS) Course,"typo; similarity 0.99, reviewed"
advanced cardiovascular lifee support acls course,Advanced Cardiovascular Life Support (ACLS) Course,"typo; similarity 0.99, reviewed"
applied taping for clinical practtice upper and lower limb focus,Applied taping for clinical practice: upper and lower limb focus,"typo; similarity 0.99, reviewed"
applied taping for clinical ractice upper and lower limb focus,Applied taping for clinical practice: upper and lower limb focus,"typo; similarity 0.99, reviewed"
approaach to paediatric burns,Approach to Paediatric Burns,"typo; similarity 0.98, reviewed"
approach to pediatric burns,Approach to Paediatric Burns,"typo; similarity 0.98, reviewed"
approachto paediatric burns,Approach to Paediatric Burns,"typo; similarity 0.98, reviewed"
apprroach to paediatric burns,Approach to Paediatric Burns,"typo; similarity 0.98, reviewed"
asthma in cihldren and adolescents,Asthma in Children and Adolescents,"typo; similarity 0.97, reviewed"
attention deficit hperactivity disorder adhd in children,Attention Deficit Hyperactivity Disorder (ADHD) in Children,"typo; similarity 0.99, reviewed"
attention deficit hyperactivity disorder adhd in chilren,Attention Deficit Hyperactivity Disorder (ADHD) in Children,"typo; similarity 0.99, reviewed"
attention deficit hyperactivityy adhd life course approach diagnosis and management from childhood to adulthood,Attention Deficit Hyperactivity (ADHD) Life Course Approach: Diagnosis and management from childhood to adulthood,"typo; similarity 0.99, reviewed"
attention deficit hyperatcivity disorder adhd in children,Attention Deficit Hyperactivity Disorder (ADHD) in Children,"typo; similarity 0.98, reviewed"
attention deficit hyyperactivity disorder adhd in children,Attention Deficit Hyperactivity Disorder (ADHD) in Children,"typo; similarity 0.99, reviewed"
attention deficti hyperactivity adhd life course approach diagnosis and management from childhood to adulthood,Attention Deficit Hyperactivity (ADHD) Life Course Approach: Diagnosis and management from childhood to adulthood,"typo; similarity 0.99, reviewed"
attention eficit hyperactivity disorder adhd in children,Attention Deficit Hyperactivity Disorder (ADHD) in Children,"typo; similarity 0.99, reviewed"
autism in chhildren recognition communication and care,"Autism in Children: Recognition, Communication, and Care","typo; similarity 0.99, reviewed"
autism in children recognition communication and crae,"Autism in Children: Recognition, Communication, and Care","typo; similarity 0.98, reviewed"
baasic life support,Basic Life Support,"typo; similarity 0.97, reviewed"
back to baics for enrolled nurses,Back to Basics: Enrolled Nurses,"typo; similarity 0.92, reviewed"
back to basic s registered professional nurses,Back to Basics: Registered Professional Nurses,"typo; similarity 0.99, reviewed"
back to basics enrloled nurse auxiliaries,Back to Basics: Enrolled Nurse Auxiliaries,"typo; similarity 0.98, reviewed"
back to basics enroled nurse auxiliaries,Back to Basics: Enrolled Nurse Auxiliaries,"typo; similarity 0.99, reviewed"
back to basics enrolled nurrse auxiliaries,Back to Basics: Enrolled Nurse Auxiliaries,"typo; similarity 0.99, reviewed"
back to basics enrolled nurse aauxiliaries,Back to Basics: Enrolled Nurse Auxiliaries,"typo; similarity 0.99, reviewed"
back to basics enrolled nurse auxxiliaries,Back to Basics: Enrolled Nurse Auxiliaries,"typo; similarity 0.99, reviewed"
back to basics enrolled nursea uxiliaries,Back to Basics: Enrolled Nurse Auxiliaries,"typo; similarity 0.98, reviewed"
back to basics for enrollde nurses,Back to Basics: Enrolled Nurses,"typo; similarity 0.91, reviewed"
back to basics for enrolled nures,Back to Basics: Enrolled Nurses,"typo; similarity 0.92, reviewed"
back to basics for enrolled nuress,Back to Basics: Enrolled Nurses,"typo; similarity 0.91, reviewed"
back to basics for enrolled nurses,Back to Basics: Enrolled Nurses,"typo; similarity 0.94, reviewed"
back to basics forr enrolled nurses,Back to Basics: Enrolled Nurses,"typo; similarity 0.92, reviewed"
back to basics regisstered professional nurses,Back to Basics: Registered Professional Nurses,"typo; similarity 0.99, reviewed"
back to basics registered professionaln urses,Back to Basics: Registered Professional Nurses,"typo; similarity 0.98, reviewed"
back to basisc registered professional nurses,Back to Basics: Registered Professional Nurses,"typo; similarity 0.98, reviewed"
back to bassics enrolled nurse auxiliaries,Back to Basics: Enrolled Nurse Auxiliaries,"typo; similarity 0.99, reviewed"
baic life support,Basic Life Support,"typo; similarity 0.97, reviewed"
baisc life support,Basic Life Support,"typo; similarity 0.94, reviewed"
basci life support,Basic Life Support,"typo; similarity 0.94, reviewed"
basi clife support,Basic Life Support,"typo; similarity 0.94, reviewed"
basi life support,Basic Life Support,"typo; similarity 0.97, reviewed"
basi wound care,Basic Wound Care,"typo; similarity 0.97, reviewed"
basic emergency cre,Basic Emergency Care,"typo; similarity 0.97, reviewed"
basic lfe support,Basic Life Support,"typo; similarity 0.97, reviewed"
basic lief support,Basic Life Support,"typo; similarity 0.94, reviewed"
basic lif esupport,Basic Life Support,"typo; similarity 0.94, reviewed"
basic lif support,Basic Life Support,"typo; similarity 0.97, reviewed"
basic life spuport,Basic Life Support,"typo; similarity 0.94, reviewed"
basic life ssupport,Basic Life Support,"typo; similarity 0.97, reviewed"
basic life suport,Basic Life Support,"typo; similarity 0.97, reviewed"
basic life suppoort,Basic Life Support,"typo; similarity 0.97, reviewed"
basic life suppotr,Basic Life Support,"typo; similarity 0.94, reviewed"
basic life suppport,Basic Life Support,"typo; similarity 0.97, reviewed"
basic life supprt,Basic Life Support,"typo; similarity 0.97, reviewed"
basic lifes upport,Basic Life Support,"typo; similarity 0.94, reviewed"
basic liffe support,Basic Life Support,"typo; similarity 0.97, reviewed"
basic llife support,Basic Life Support,"typo; similarity 0.97, reviewed"
basiclife support,Basic Life Support,"typo; similarity 0.97, reviewed"
basicw ound care,Basic Wound Care,"typo; similarity 0.94, reviewed"
basiic life support,Basic Life Support,"typo; similarity 0.97, reviewed"
bassic life support,Basic Life Support,"typo; similarity 0.97, reviewed"
beastfeeding refresher webinar series no 2 positioning and latch,Breastfeeding Refresher Series 2 of 3: Positioning and latch,"typo; similarity 0.88, reviewed"
blood and blood pproduct administration,Blood and Blood Product Administration,"typo; similarity 0.99, reviewed"
blood and blood productt administration,Blood and Blood Product Administration,"typo; similarity 0.99, reviewed"
bloodd and blood product administration,Blood and Blood Product Administration,"typo; similarity 0.99, reviewed"
bloood and blood product administration,Blood and Blood Product Administration,"typo; similarity 0.99, reviewed"
braestfeeding refresher 3 of 3 supporting mothers from pregnancy to post discharge,Breastfeeding Refresher Series 3 of 3: Supporting mothers from pregnancy to post discharge,"typo; similarity 0.95, reviewed"
breastfeding refresher webinar series no 2 positioning and latch,Breastfeeding Refresher Series 2 of 3: Positioning and latch,"typo; similarity 0.88, reviewed"
breastfeeding refresehr series 1 of 3 the golden hour hand expression,Breastfeeding Refresher Series 1 of 3: The Golden Hour & Hand Expression,"typo; similarity 0.99, reviewed"
breastfeeding refresher 3 f 3 supporting mothers from pregnancy to post discharge,Breastfeeding Refresher Series 3 of 3: Supporting mothers from pregnancy to post discharge,"typo; similarity 0.95, reviewed"
breastfeeding refresher 3 of 3 supporting mothers from pregnancy to post discharge,Breastfeeding Refresher Series 3 of 3: Supporting mothers from pregnancy to post discharge,"typo; similarity 0.96, reviewed"
breastfeeding refresher 3 of 3 supporting mothersf rom pregnancy to post discharge,Breastfeeding Refresher Series 3 of 3: Supporting mothers from pregnancy to post discharge,"typo; similarity 0.95, reviewed"
breastfeeding refresher 3 of 3 suppoting mothers from pregnancy to post discharge,Breastfeeding Refresher Series 3 of 3: Supporting mothers from pregnancy to post discharge,"typo; similarity 0.95, reviewed"
breastfeeding refresher seres 1 of 3 the golden hour hand expression,Breastfeeding Refresher Series 1 of 3: The Golden Hour & Hand Expression,"typo; similarity 0.99, reviewed"
breastfeeding refresher series 1 o f3 the golden hour hand expression,Breastfeeding Refresher Series 1 of 3: The Golden Hour & Hand Expression,"typo; similarity 0.99, reviewed"
breastfeeding refresher series 1 of 3 the golden hour ahnd expression,Breastfeeding Refresher Series 1 of 3: The Golden Hour & Hand Expression,"typo; similarity 0.99, reviewed"
breastfeeding refresher series 1 of 3 the golden hour had expression,Breastfeeding Refresher Series 1 of 3: The Golden Hour & Hand Expression,"typo; similarity 0.99, reviewed"
breastfeeding refresher series 1 of 33 the golden hour hand expression,Breastfeeding Refresher Series 1 of 3: The Golden Hour & Hand Expression,"typo; similarity 0.99, reviewed"
breastfeeding refresher series 1 of3 the golden hour hand expression,Breastfeeding Refresher Series 1 of 3: The Golden Hour & Hand Expression,"typo; similarity 0.99, reviewed"
breastfeeding refresher webinar serie sno 2 positioning and latch,Breastfeeding Refresher Series 2 of 3: Positioning and latch,"typo; similarity 0.87, reviewed"
breastfeeding refresher webinar series no 2 positioning and latch,Breastfeeding Refresher Series 2 of 3: Positioning and latch,"typo; similarity 0.89, reviewed"
breastfeeding refresher webinar series no 2 postioning and latch,Breastfeeding Refresher Series 2 of 3: Positioning and latch,"typo; similarity 0.88, reviewed"
breastfeeding refresher webinar sreies no 2 positioning and latch,Breastfeeding Refresher Series 2 of 3: Positioning and latch,"typo; similarity 0.87, reviewed"
breastfeeding refresher weinar series no 2 positioning and latch,Breastfeeding Refresher Series 2 of 3: Positioning and latch,"typo; similarity 0.89, reviewed"
breastfeeidng refresher series 1 of 3 the golden hour hand expression,Breastfeeding Refresher Series 1 of 3: The Golden Hour & Hand Expression,"typo; similarity 0.99, reviewed"
breeastfeeding refresher webinar series no 2 positioning and latch,Breastfeeding Refresher Series 2 of 3: Positioning and latch,"typo; similarity 0.88, reviewed"
bsaic life support,Basic Life Support,"typo; similarity 0.94, reviewed"
burns in childdren longterm care support for rehabilitation therapeutic health professionals,Burns in children: Longterm Care & Support for Rehabilitation & Therapeutic Health Professionals,"typo; similarity 0.99, reviewed"
burns in children longterm care support for rehabilitation therapeutic health professsionals,Burns in children: Longterm Care & Support for Rehabilitation & Therapeutic Health Professionals,"typo; similarity 0.99, reviewed"
burns in children longterm care support for rehabilitation therpaeutic health professionals,Burns in children: Longterm Care & Support for Rehabilitation & Therapeutic Health Professionals,"typo; similarity 0.99, reviewed"
burns in children longterm caree support for rehabilitation therapeutic health professionals,Burns in children: Longterm Care & Support for Rehabilitation & Therapeutic Health Professionals,"typo; similarity 0.99, reviewed"
burns in children longtermm care support for rehabilitation therapeutic health professionals,Burns in children: Longterm Care & Support for Rehabilitation & Therapeutic Health Professionals,"typo; similarity 0.99, reviewed"
cancer webinar sries breast cancer,Cancer Webinar series: Breast Cancer,"typo; similarity 0.99, reviewed"
child abuse negglect beyond the basics,Child Abuse & Neglect: Beyond the basics,"typo; similarity 0.99, reviewed"
child abuse neglect essentials in managmeent for healthcare providers,Child Abuse & Neglect: Essentials in Management for Healthcare Providers,"typo; similarity 0.99, reviewed"
child abuse neglet beyond the basics,Child Abuse & Neglect: Beyond the basics,"typo; similarity 0.99, reviewed"
child welfae in the western cape navigating social services,Child Welfare in the Western Cape: Navigating Social Services,"typo; similarity 0.99, reviewed"
child welfare in the western cape naviagting social services,Child Welfare in the Western Cape: Navigating Social Services,"typo; similarity 0.98, reviewed"
child welfare in the western cape navigating sociall services,Child Welfare in the Western Cape: Navigating Social Services,"typo; similarity 0.99, reviewed"
child welfare in the western cape navigatingsocial services,Child Welfare in the Western Cape: Navigating Social Services,"typo; similarity 0.99, reviewed"
child welfare in the western cappe navigating social services,Child Welfare in the Western Cape: Navigating Social Services,"typo; similarity 0.99, reviewed"
child welfare in the wetsern cape navigating social services,Child Welfare in the Western Cape: Navigating Social Services,"typo; similarity 0.98, reviewed"
chw communicable diseases module m5 part 1 hiv and other stis,Communicable Diseases Module Part 1: HIV and Other STIs,"typo; similarity 0.94, reviewed"
chw communicable diseases module m5 part 2 tb and other respiratory infections,Communicable Diseases Part 2: TB and Other Respiratory Infections: Theory,"typo; similarity 0.86, reviewed"
clinical approach to musculoskeletal problems in childhood examinatioon and management,Clinical approach to musculoskeletal problems in childhood: examination and management,"typo; similarity 0.99, reviewed"
clinical approach to musculoskkeletal problems in childhood examination and management,Clinical approach to musculoskeletal problems in childhood: examination and management,"typo; similarity 0.99, reviewed"
creating effective cre plans importance and practical tips,Creating effective care plans: Importance and practical tips,"typo; similarity 0.99, reviewed"
decision support framework training,Decision Support Framework and Toolkit Training,"typo; similarity 0.85, reviewed"
dentistry eergencies,Dentistry Emergencies,"typo; similarity 0.98, reviewed"
dipheria outbreak response in wc,Diptheria Outbreak Response in WC,"typo; similarity 0.98, reviewed"
diptehria outbreak response in wc,Diptheria Outbreak Response in WC,"typo; similarity 0.97, reviewed"
diptheria outbreak reponse in wc,Diptheria Outbreak Response in WC,"typo; similarity 0.98, reviewed"
diptheria outbreak respones in wc,Diptheria Outbreak Response in WC,"typo; similarity 0.97, reviewed"
diptheria outbreak response in cw,Diptheria Outbreak Response in WC,"typo; similarity 0.97, reviewed"
diptheria outbreak responsee in wc,Diptheria Outbreak Response in WC,"typo; similarity 0.98, reviewed"
diptheria outbreak resposne in wc,Diptheria Outbreak Response in WC,"typo; similarity 0.97, reviewed"
diptheria outbreak respponse in wc,Diptheria Outbreak Response in WC,"typo; similarity 0.98, reviewed"
diptheria ouutbreak response in wc,Diptheria Outbreak Response in WC,"typo; similarity 0.98, reviewed"
dipthreia outbreak response in wc,Diptheria Outbreak Response in WC,"typo; similarity 0.97, reviewed"
dipttheria outbreak response in wc,Diptheria Outbreak Response in WC,"typo; similarity 0.98, reviewed"
dry needling what the evidence says and ho wit into msk practice,Dry needling- What the evidence says and how it into MSK practice,"typo; similarity 0.98, reviewed"
dry needling what the evidence says and how it into msk practiec,Dry needling- What the evidence says and how it into MSK practice,"typo; similarity 0.98, reviewed"
dry needling what tthe evidence says and how it into msk practice,Dry needling- What the evidence says and how it into MSK practice,"typo; similarity 0.99, reviewed"
edrweb training,EDR WEB Training,"typo; similarity 0.97, reviewed"
ehics the cost of caring is empathy breaking healthcare,The cost of caring: Is empathy breaking healthcare?,"typo; similarity 0.94, reviewed"
emergency medical approach to traumma ematt,Emergency Medical Approach to Trauma (EMATT),"typo; similarity 0.99, reviewed"
emergency medical approach to trrauma ematt,Emergency Medical Approach to Trauma (EMATT),"typo; similarity 0.99, reviewed"
empowering recoveery physiotherapy in weaning and functional outcomes after long term ventilation,Empowering Recovery Physiotherapy in Weaning and Functional Outcomes After Long-term Ventilation,"typo; similarity 0.99, reviewed"
epidural care and infusion workshop fo registered nurses,Epidural Care and Infusion workshop for Registered Nurses,"typo; similarity 0.99, reviewed"
epidural care and infusion workshop forr egistered nurses,Epidural Care and Infusion workshop for Registered Nurses,"typo; similarity 0.98, reviewed"
ethcial and legal foundations in nursing practice,Ethical and Legal Foundations in Nursing Practice,"typo; similarity 0.98, reviewed"
ethhics webianr shared decision making in rehabilitation practice,Shared Decision Making in Rehabilitation Practice,"typo; similarity 0.86, reviewed"
ethical and leegal foundations in nursing practice,Ethical and Legal Foundations in Nursing Practice,"typo; similarity 0.99, reviewed"
ethical and lega foundations in nursing practice,Ethical and Legal Foundations in Nursing Practice,"typo; similarity 0.99, reviewed"
ethical and legal foundatins in nursing practice,Ethical and Legal Foundations in Nursing Practice,"typo; similarity 0.99, reviewed"
ethical and legal foundations in nursing practce,Ethical and Legal Foundations in Nursing Practice,"typo; similarity 0.99, reviewed"
ethical considerations in nnursing practice,Ethical considerations in nursing practice,"typo; similarity 0.99, reviewed"
ethical considerations in nursing practiec,Ethical considerations in nursing practice,"typo; similarity 0.98, reviewed"
ethical issues in hte use and development of ai technologies in healthcare,Ethical issues in the use and development of AI technologies in healthcare,"typo; similarity 0.99, reviewed"
ethical issues in the use and development of aii technologies in healthcare,Ethical issues in the use and development of AI technologies in healthcare,"typo; similarity 0.99, reviewed"
ethical issues in the use and devlopment of ai technologies in healthcare,Ethical issues in the use and development of AI technologies in healthcare,"typo; similarity 0.99, reviewed"
ethicla considerations in nursing practice,Ethical considerations in nursing practice,"typo; similarity 0.98, reviewed"
ethics avlue decisions in difficult medical dilemmas,Ethics: Value decisions in difficult medical dilemmas,"typo; similarity 0.98, reviewed"
ethics teh cost of caring is empathy breaking healthcare,The cost of caring: Is empathy breaking healthcare?,"typo; similarity 0.93, reviewed"
ethics the cost of caring is eempathy breaking healthcare,The cost of caring: Is empathy breaking healthcare?,"typo; similarity 0.93, reviewed"
ethics the cost of caring is empathy breakiing healthcare,The cost of caring: Is empathy breaking healthcare?,"typo; similarity 0.93, reviewed"
ethics the cost of caring is empathy breaking ealthcare,The cost of caring: Is empathy breaking healthcare?,"typo; similarity 0.92, reviewed"
ethics the cost of caring is empathy breaking healthcae,The cost of caring: Is empathy breaking healthcare?,"typo; similarity 0.92, reviewed"
ethics the cost of caring is empathy breaking healthcare,The cost of caring: Is empathy breaking healthcare?,"typo; similarity 0.93, reviewed"
ethics the cost of caring is empathy breakng healthcare,The cost of caring: Is empathy breaking healthcare?,"typo; similarity 0.92, reviewed"
ethics value deciisons in difficult medical dilemmas,Ethics: Value decisions in difficult medical dilemmas,"typo; similarity 0.98, reviewed"
ethics value decisions in ddifficult medical dilemmas,Ethics: Value decisions in difficult medical dilemmas,"typo; similarity 0.99, reviewed"
ethics value decisions in diffciult medical dilemmas,Ethics: Value decisions in difficult medical dilemmas,"typo; similarity 0.98, reviewed"
ethics value decisions in difficcult medical dilemmas,Ethics: Value decisions in difficult medical dilemmas,"typo; similarity 0.99, reviewed"
ethics value decisions in difficlut medical dilemmas,Ethics: Value decisions in difficult medical dilemmas,"typo; similarity 0.98, reviewed"
ethics value decisions in difficult medical dilmmas,Ethics: Value decisions in difficult medical dilemmas,"typo; similarity 0.99, reviewed"
ethics value decisions in difficult medicall dilemmas,Ethics: Value decisions in difficult medical dilemmas,"typo; similarity 0.99, reviewed"
ethics value decisions in difficult mmedical dilemmas,Ethics: Value decisions in difficult medical dilemmas,"typo; similarity 0.99, reviewed"
ethics value decisions in difficut medical dilemmas,Ethics: Value decisions in difficult medical dilemmas,"typo; similarity 0.99, reviewed"
ethics value decisions indifficult medical dilemmas,Ethics: Value decisions in difficult medical dilemmas,"typo; similarity 0.99, reviewed"
ethics value decisoins in difficult medical dilemmas,Ethics: Value decisions in difficult medical dilemmas,"typo; similarity 0.98, reviewed"
ethics valuue decisions in difficult medical dilemmas,Ethics: Value decisions in difficult medical dilemmas,"typo; similarity 0.99, reviewed"
ethics webainr shared decision making in rehabilitation practice,Shared Decision Making in Rehabilitation Practice,"typo; similarity 0.87, reviewed"
ethics webianr share decision making in rehabilitation practice,Shared Decision Making in Rehabilitation Practice,"typo; similarity 0.86, reviewed"
ethics webianr shared decision making in rehabilitation practice,Shared Decision Making in Rehabilitation Practice,"typo; similarity 0.87, reviewed"
ethics webianr shared decision making in rehabilitatoin practice,Shared Decision Making in Rehabilitation Practice,"typo; similarity 0.85, reviewed"
ethics webianr shared decisionm aking in rehabilitation practice,Shared Decision Making in Rehabilitation Practice,"typo; similarity 0.85, reviewed"
etics value decisions in difficult medical dilemmas,Ethics: Value decisions in difficult medical dilemmas,"typo; similarity 0.99, reviewed"
etihcs value decisions in difficult medical dilemmas,Ethics: Value decisions in difficult medical dilemmas,"typo; similarity 0.98, reviewed"
expanded program on immunization refresher for private sector,Expanded Programme on Immunization (EPI) refresher for private sector,"typo; similarity 0.95, reviewed"
expanded program on imunization refresher for private sector,Expanded Programme on Immunization (EPI) refresher for private sector,"typo; similarity 0.94, reviewed"
expanded programme on immunisations,Expanded Programme on Immunization (EPI),"typo; similarity 0.90, reviewed"
expanded rogram on immunization refresher for private sector,Expanded Programme on Immunization (EPI) refresher for private sector,"typo; similarity 0.94, reviewed"
fonudational cpr,Foundational CPR,"typo; similarity 0.94, reviewed"
foundaational cpr,Foundational CPR,"typo; similarity 0.97, reviewed"
foundaional cpr,Foundational CPR,"typo; similarity 0.97, reviewed"
foundatiional cpr,Foundational CPR,"typo; similarity 0.97, reviewed"
foundationa lcpr,Foundational CPR,"typo; similarity 0.94, reviewed"
foundationaal cpr,Foundational CPR,"typo; similarity 0.97, reviewed"
foundational cr,Foundational CPR,"typo; similarity 0.97, reviewed"
foundationall cpr,Foundational CPR,"typo; similarity 0.97, reviewed"
foundationla cpr,Foundational CPR,"typo; similarity 0.94, reviewed"
foundationnal cpr,Foundational CPR,"typo; similarity 0.97, reviewed"
foundatonal cpr,Foundational CPR,"typo; similarity 0.97, reviewed"
foundtional cpr,Foundational CPR,"typo; similarity 0.97, reviewed"
fundational cpr,Foundational CPR,"typo; similarity 0.97, reviewed"
group empowerment and trining great for diabetes,Group Empowerment and Training (GREAT) for Diabetes,"typo; similarity 0.99, reviewed"
groupe mpowerment and training great for diabetes,Group Empowerment and Training (GREAT) for Diabetes,"typo; similarity 0.98, reviewed"
inrtoduction to phlebotomy,Introduction to Phlebotomy,"typo; similarity 0.96, reviewed"
introduciton to palliative care for professionals,Introduction to Palliative Care for Professionals,"typo; similarity 0.98, reviewed"
introduction to basic cclinical forensics,Introduction to Basic Clinical Forensics,"typo; similarity 0.99, reviewed"
introduction to palliative care for profsesionals,Introduction to Palliative Care for Professionals,"typo; similarity 0.98, reviewed"
introduction to phleotomy,Introduction to Phlebotomy,"typo; similarity 0.98, reviewed"
introduction to plliative care for professionals,Introduction to Palliative Care for Professionals,"typo; similarity 0.99, reviewed"
introduction top hlebotomy,Introduction to Phlebotomy,"typo; similarity 0.96, reviewed"
introducttion to phlebotomy,Introduction to Phlebotomy,"typo; similarity 0.98, reviewed"
introduuction to palliative care for professionals,Introduction to Palliative Care for Professionals,"typo; similarity 0.99, reviewed"
introuction to palliative care for professionals,Introduction to Palliative Care for Professionals,"typo; similarity 0.99, reviewed"
laundry service webinarc ondemning and interim linen stores,Laundry Service Webinar Condemning and Interim Linen Stores,"typo; similarity 0.98, reviewed"
lisstening to metro voices,Listening to Metro Voices,"typo; similarity 0.98, reviewed"
listening to etro voices,Listening to Metro Voices,"typo; similarity 0.98, reviewed"
maanaging skin and soft tissue infections in children a clinical update,Managing Skin and Soft Tissue Infections in Children: A Clinical Update,"typo; similarity 0.99, reviewed"
management of a difficlt client,Management of a Difficult Client,"typo; similarity 0.98, reviewed"
management of a difficutl client,Management of a Difficult Client,"typo; similarity 0.97, reviewed"
management of acte poisoning,Management of Acute Poisoning,"typo; similarity 0.98, reviewed"
management of acute piosoning,Management of Acute Poisoning,"typo; similarity 0.97, reviewed"
management of acute pisoning,Management of Acute Poisoning,"typo; similarity 0.98, reviewed"
management of difficult client,Management of a Difficult Client,"typo; similarity 0.97, reviewed"
management of survivor of seual offences series medical management of sexual offences survivors,Management of survivor of sexual offences series: Medical management of sexual offences survivors,"typo; similarity 0.99, reviewed"
management of survivor of sexual offences series medical management of sexualoffences survivors,Management of survivor of sexual offences series: Medical management of sexual offences survivors,"typo; similarity 0.99, reviewed"
management off a difficult client,Management of a Difficult Client,"typo; similarity 0.98, reviewed"
managng skin and soft tissue infections in children a clinical update,Managing Skin and Soft Tissue Infections in Children: A Clinical Update,"typo; similarity 0.99, reviewed"
medico leal aspects of consent,Medico-legal aspects of consent,"typo; similarity 0.98, reviewed"
medico legal apsects of consent,Medico-legal aspects of consent,"typo; similarity 0.97, reviewed"
medico legal aspcts of consent,Medico-legal aspects of consent,"typo; similarity 0.98, reviewed"
medico legal aspeccts of consent,Medico-legal aspects of consent,"typo; similarity 0.98, reviewed"
medico legal aspect sof record keeping and documentation,Medico-legal Aspects of Record Keeping and Documentation,"typo; similarity 0.98, reviewed"
medico legal aspects fo consent of phc and emergency,Medico-legal aspects of consent of PHC and emergency,"typo; similarity 0.98, reviewed"
medico legal aspects of consent of phc and eemergency,Medico-legal aspects of consent of PHC and emergency,"typo; similarity 0.99, reviewed"
medico legal aspects of consent of phc andemergency,Medico-legal aspects of consent of PHC and emergency,"typo; similarity 0.99, reviewed"
medico legal aspects of conssent of phc and emergency,Medico-legal aspects of consent of PHC and emergency,"typo; similarity 0.99, reviewed"
medico legal aspects of record keeping an ddocumentation,Medico-legal Aspects of Record Keeping and Documentation,"typo; similarity 0.98, reviewed"
medico legal aspects of record keeping and documenation,Medico-legal Aspects of Record Keeping and Documentation,"typo; similarity 0.99, reviewed"
medico legal aspects of record keeping and documentatiion,Medico-legal Aspects of Record Keeping and Documentation,"typo; similarity 0.99, reviewed"
medico legal aspects of record keeping and documentaton,Medico-legal Aspects of Record Keeping and Documentation,"typo; similarity 0.99, reviewed"
medico legal aspects of record keeping annd documentation,Medico-legal Aspects of Record Keeping and Documentation,"typo; similarity 0.99, reviewed"
medico legal aspects of record keepingand documentation,Medico-legal Aspects of Record Keeping and Documentation,"typo; similarity 0.99, reviewed"
medico legal aspects of recordk eeping and documentation,Medico-legal Aspects of Record Keeping and Documentation,"typo; similarity 0.98, reviewed"
medico legal aspects of reord keeping and documentation,Medico-legal Aspects of Record Keeping and Documentation,"typo; similarity 0.99, reviewed"
medico legal aspects ofrecord keeping and documentation,Medico-legal Aspects of Record Keeping and Documentation,"typo; similarity 0.99, reviewed"
medico legal aspectso f consent,Medico-legal aspects of consent,"typo; similarity 0.97, reviewed"
medico legal asspects of record keeping and documentation,Medico-legal Aspects of Record Keeping and Documentation,"typo; similarity 0.99, reviewed"
medico legal sapects of consent,Medico-legal aspects of consent,"typo; similarity 0.97, reviewed"
medico legall aspects of consent,Medico-legal aspects of consent,"typo; similarity 0.98, reviewed"
medico leggal aspects of consent of phc and emergency,Medico-legal aspects of consent of PHC and emergency,"typo; similarity 0.99, reviewed"
medicolegal aspects of consent,Medico-legal aspects of consent,"typo; similarity 0.98, reviewed"
musculosekletal problems in children clinical approach for rehabilitation therapeutic health professionals,Musculoskeletal problems in children- Clinical approach for Rehabilitation & Therapeutic Health Professionals,"typo; similarity 0.99, reviewed"
musculoskeletal problems in children clinical approach for rehabiliattion therapeutic health professionals,Musculoskeletal problems in children- Clinical approach for Rehabilitation & Therapeutic Health Professionals,"typo; similarity 0.99, reviewed"
nddoh who dact sa project diabetes training for nurses and dietitians,NDOH & WHO- DACT- SA Project (Diabetes training for Nurses and Dietitians),"typo; similarity 0.99, reviewed"
ndoh provincial draft imam guideline and darft infant young child feeding e guide,NDOH Provincial Draft IMAM Guideline and Draft Infant Young Child Feeding E-Guide,"typo; similarity 0.99, reviewed"
ndoh provincial draft imam guideline and draft infant young child feeding eguide,NDOH Provincial Draft IMAM Guideline and Draft Infant Young Child Feeding E-Guide,"typo; similarity 0.99, reviewed"
ndoh provincial draft imam guideline and draft infant young child feedinge guide,NDOH Provincial Draft IMAM Guideline and Draft Infant Young Child Feeding E-Guide,"typo; similarity 0.99, reviewed"
ndoh provincial workshop early chldhood development,NDOH Provincial Workshop: Early Childhood Development,"typo; similarity 0.99, reviewed"
ndoh provincialworkshop early childhood development,NDOH Provincial Workshop: Early Childhood Development,"typo; similarity 0.99, reviewed"
ndoh who dact sa porject diabetes training for nurses and dietitians,NDOH & WHO- DACT- SA Project (Diabetes training for Nurses and Dietitians),"typo; similarity 0.98, reviewed"
ndoh who dact sa project diabetes training for chw suupervisors,NDOH & WHO- DACT- SA Project (Diabetes training for CHW supervisors),"typo; similarity 0.99, reviewed"
ndoh who dact saa project diabetes training for nurses and dietitians,NDOH & WHO- DACT- SA Project (Diabetes training for Nurses and Dietitians),"typo; similarity 0.99, reviewed"
neonatal resuscitaion respiratory distress and jaundice for en s and ena s,Neonatal Resuscitation; Respiratory Distress and Jaundice for EN's and ENA's,"typo; similarity 0.99, reviewed"
neonatal resuscitation respiratory distress and jundice for mo s and rn s,Neonatal Resuscitation; Respiratory Distress and Jaundice for MO's and RN's,"typo; similarity 0.99, reviewed"
neonatal resuscitation respiratorydistress and jaundice for mo s and rn s,Neonatal Resuscitation; Respiratory Distress and Jaundice for MO's and RN's,"typo; similarity 0.99, reviewed"
nurse prescribing and cpd workshoop,Nurse prescribing and CPD workshop,"typo; similarity 0.99, reviewed"
nurse rescribing and cpd workshop,Nurse prescribing and CPD workshop,"typo; similarity 0.98, reviewed"
on premises laundries opl and cetral laundries,On Premises Laundries (OPL) and Central Laundries,"typo; similarity 0.99, reviewed"
one health osp for management of illegal dumped medical waste,One Health: SOP for management of illegal dumped medical waste,"typo; similarity 0.98, reviewed"
one health so for management of illegal dumped medical waste,One Health: SOP for management of illegal dumped medical waste,"typo; similarity 0.99, reviewed"
one health sop for management of ilelgal dumped medical waste,One Health: SOP for management of illegal dumped medical waste,"typo; similarity 0.98, reviewed"
one health sop for management of illegal dumped meddical waste,One Health: SOP for management of illegal dumped medical waste,"typo; similarity 0.99, reviewed"
one health sop for management of illegal dumped medical waset,One Health: SOP for management of illegal dumped medical waste,"typo; similarity 0.98, reviewed"
one health sop forr management of illegal dumped medical waste,One Health: SOP for management of illegal dumped medical waste,"typo; similarity 0.99, reviewed"
one hhealth from policy to people advancing health through air quality management,One Health: From policy to people- Advancing health through air quality management,"typo; similarity 0.99, reviewed"
paediatric emegrency series upper airway obstruction uao,Paediatric Emergency Series: Upper Airway Obstruction (UAO),"typo; similarity 0.98, reviewed"
paediatric emergency eries managing respiratory illness in children,Paediatric emergency series: Managing respiratory illness in children,"typo; similarity 0.99, reviewed"
paediatric emergency esries managing gastrointestinal illness and dehydration in children,Paediatric emergency series: Managing gastrointestinal illness and dehydration in children,"typo; similarity 0.99, reviewed"
paediatric emergency series appraoch to a child with altered level of consciousness,Paediatric emergency series: Approach to a child with altered level of consciousness,"typo; similarity 0.99, reviewed"
paediatric emergency series approach to a child with altered level of consciosuness,Paediatric emergency series: Approach to a child with altered level of consciousness,"typo; similarity 0.99, reviewed"
paediatric emergency series approach to a child with altered level of consciouness,Paediatric emergency series: Approach to a child with altered level of consciousness,"typo; similarity 0.99, reviewed"
paediatric emergency series managing gastroinestinal illness and dehydration in children,Paediatric emergency series: Managing gastrointestinal illness and dehydration in children,"typo; similarity 0.99, reviewed"
paediatric emergency series managing gastrointestinal illness and dehydraation in children,Paediatric emergency series: Managing gastrointestinal illness and dehydration in children,"typo; similarity 0.99, reviewed"
paediatric emergency series managing gastrointstinal illness and dehydration in children,Paediatric emergency series: Managing gastrointestinal illness and dehydration in children,"typo; similarity 0.99, reviewed"
paediatric emergency series managing respiiratory illness in children,Paediatric emergency series: Managing respiratory illness in children,"typo; similarity 0.99, reviewed"
paediatric emergency series managing respiratory illness in chidlren,Paediatric emergency series: Managing respiratory illness in children,"typo; similarity 0.98, reviewed"
paediatric emergency series managing respiratory illness inn children,Paediatric emergency series: Managing respiratory illness in children,"typo; similarity 0.99, reviewed"
paediatric emergency series managing resppiratory illness in children,Paediatric emergency series: Managing respiratory illness in children,"typo; similarity 0.99, reviewed"
paediatric emergency series upper airway obstruciton uao,Paediatric Emergency Series: Upper Airway Obstruction (UAO),"typo; similarity 0.98, reviewed"
paediatric emergency seriess managing respiratory illness in children,Paediatric emergency series: Managing respiratory illness in children,"typo; similarity 0.99, reviewed"
paediatric emergencyseries managing respiratory illness in children,Paediatric emergency series: Managing respiratory illness in children,"typo; similarity 0.99, reviewed"
paediatric emergeny series managing respiratory illness in children,Paediatric emergency series: Managing respiratory illness in children,"typo; similarity 0.99, reviewed"
paediatric energency series status epilepticus,Paediatric Emergency Series: Status Epilepticus,"typo; similarity 0.98, reviewed"
paediatric energency series status eppilepticus,Paediatric Emergency Series: Status Epilepticus,"typo; similarity 0.97, reviewed"
paediatric energnecy series status epilepticus,Paediatric Emergency Series: Status Epilepticus,"typo; similarity 0.96, reviewed"
paediiatric burns,Paediatric Burns,"typo; similarity 0.97, reviewed"
patient amdission process,Patient admission process,"typo; similarity 0.96, reviewed"
preevnting patient falls and utilizing the morse fall risk assessment tool,Preventing patient falls and utilizing the Morse Fall Risk Assessment Tool,"typo; similarity 0.99, reviewed"
prescribing for adhd in children principles prctice and safety,"Prescribing for ADHD in children: Principles, Practice, and Safety","typo; similarity 0.99, reviewed"
pressure ulcer preveention and using the waterloo assessment form,Pressure ulcer prevention and using the Waterloo Assessment form,"typo; similarity 0.99, reviewed"
pressure ulcer prevention and uisng the waterloo assessment form,Pressure ulcer prevention and using the Waterloo Assessment form,"typo; similarity 0.98, reviewed"
pressure ulcer prevention and usin the waterloo assessment form,Pressure ulcer prevention and using the Waterloo Assessment form,"typo; similarity 0.99, reviewed"
pressure ulcer prevention and using the waterloo assessent form,Pressure ulcer prevention and using the Waterloo Assessment form,"typo; similarity 0.99, reviewed"
pressure ulcer prevention and usingg the waterloo assessment form,Pressure ulcer prevention and using the Waterloo Assessment form,"typo; similarity 0.99, reviewed"
preventing patient falls an utilizing the morse fall risk assessment tool,Preventing patient falls and utilizing the Morse Fall Risk Assessment Tool,"typo; similarity 0.99, reviewed"
preventing patient falls and utilizing he morse fall risk assessment tool,Preventing patient falls and utilizing the Morse Fall Risk Assessment Tool,"typo; similarity 0.99, reviewed"
preventing patient falls and utilizing the morse fall riisk assessment tool,Preventing patient falls and utilizing the Morse Fall Risk Assessment Tool,"typo; similarity 0.99, reviewed"
preventing patient falls and utlizing the morse fall risk assessment tool,Preventing patient falls and utilizing the Morse Fall Risk Assessment Tool,"typo; similarity 0.99, reviewed"
preventing patient falls nd utilizing the morse fall risk assessment tool,Preventing patient falls and utilizing the Morse Fall Risk Assessment Tool,"typo; similarity 0.99, reviewed"
preventng patient falls and utilizing the morse fall risk assessment tool,Preventing patient falls and utilizing the Morse Fall Risk Assessment Tool,"typo; similarity 0.99, reviewed"
primary care nruse specialist workshop,Primary Care Nurse Specialist Workshop,"typo; similarity 0.97, reviewed"
primary caren urse specialist workshop,Primary Care Nurse Specialist Workshop,"typo; similarity 0.97, reviewed"
pscyhiatry webinar series,Psychiatry Webinar Series,"typo; similarity 0.96, reviewed"
psychaitry webinar series,Psychiatry Webinar Series,"typo; similarity 0.96, reviewed"
psychatry webinar series,Psychiatry Webinar Series,"typo; similarity 0.98, reviewed"
psychiatr webinar series,Psychiatry Webinar Series,"typo; similarity 0.98, reviewed"
psychiatr ywebinar series,Psychiatry Webinar Series,"typo; similarity 0.96, reviewed"
psychiatri cemergencies,Psychiatric Emergencies,"typo; similarity 0.96, reviewed"
psychiatriic emergencies,Psychiatric Emergencies,"typo; similarity 0.98, reviewed"
psychiatry ebinar series,Psychiatry Webinar Series,"typo; similarity 0.98, reviewed"
psychiatry webinaar series,Psychiatry Webinar Series,"typo; similarity 0.98, reviewed"
psychiatry webinar esries,Psychiatry Webinar Series,"typo; similarity 0.96, reviewed"
psychiatry webinar seires,Psychiatry Webinar Series,"typo; similarity 0.96, reviewed"
psychiatry webinar seres,Psychiatry Webinar Series,"typo; similarity 0.98, reviewed"
psychiatry webinar serise,Psychiatry Webinar Series,"typo; similarity 0.96, reviewed"
psychiatry webinar sseries,Psychiatry Webinar Series,"typo; similarity 0.98, reviewed"
psychiatry webinars eries,Psychiatry Webinar Series,"typo; similarity 0.96, reviewed"
psychiatry webinarseries,Psychiatry Webinar Series,"typo; similarity 0.98, reviewed"
psychiatry webinr series,Psychiatry Webinar Series,"typo; similarity 0.98, reviewed"
psychiatry webniar series,Psychiatry Webinar Series,"typo; similarity 0.96, reviewed"
psychiatry weebinar series,Psychiatry Webinar Series,"typo; similarity 0.98, reviewed"
psychiatry weibnar series,Psychiatry Webinar Series,"typo; similarity 0.96, reviewed"
psychiatry wwebinar series,Psychiatry Webinar Series,"typo; similarity 0.98, reviewed"
psychiatrywebinar series,Psychiatry Webinar Series,"typo; similarity 0.98, reviewed"
psychiatryy webinar series,Psychiatry Webinar Series,"typo; similarity 0.98, reviewed"
psychiattry webinar series,Psychiatry Webinar Series,"typo; similarity 0.98, reviewed"
psychiatyr webinar series,Psychiatry Webinar Series,"typo; similarity 0.96, reviewed"
psychitry webinar series,Psychiatry Webinar Series,"typo; similarity 0.98, reviewed"
psycihatry webinar series,Psychiatry Webinar Series,"typo; similarity 0.96, reviewed"
psyychiatry webinar series,Psychiatry Webinar Series,"typo; similarity 0.98, reviewed"
quaity assurance and medical legal aspects of surgery,Quality assurance and Medical legal aspects of surgery,"typo; similarity 0.99, reviewed"
qualiity assurance and medical legal aspects of surgery,Quality assurance and Medical legal aspects of surgery,"typo; similarity 0.99, reviewed"
quality assurace and medical legal aspects of surgery,Quality assurance and Medical legal aspects of surgery,"typo; similarity 0.99, reviewed"
quality assurancce and medical legal aspects of surgery,Quality assurance and Medical legal aspects of surgery,"typo; similarity 0.99, reviewed"
quality assurance and medcial legal aspects of surgery,Quality assurance and Medical legal aspects of surgery,"typo; similarity 0.98, reviewed"
quality assurance and medical leagl aspects of surgery,Quality assurance and Medical legal aspects of surgery,"typo; similarity 0.98, reviewed"
quality assurance and medical legal aaspects of surgery,Quality assurance and Medical legal aspects of surgery,"typo; similarity 0.99, reviewed"
quality assurance and medical legal aspects of suregry,Quality assurance and Medical legal aspects of surgery,"typo; similarity 0.98, reviewed"
quality assurance and medical legal aspects of surery,Quality assurance and Medical legal aspects of surgery,"typo; similarity 0.99, reviewed"
quality assuranceand medical legal aspects of surgery,Quality assurance and Medical legal aspects of surgery,"typo; similarity 0.99, reviewed"
quality assurrance and medical legal aspects of surgery,Quality assurance and Medical legal aspects of surgery,"typo; similarity 0.99, reviewed"
recognitio nand management of seasonal allergies,Recognition and Management of Seasonal Allergies,"typo; similarity 0.98, reviewed"
recognition and management of seasonal allergiees,Recognition and Management of Seasonal Allergies,"typo; similarity 0.99, reviewed"
recognition and management ofseasonal allergies,Recognition and Management of Seasonal Allergies,"typo; similarity 0.99, reviewed"
recognition and managemet of seasonal allergies,Recognition and Management of Seasonal Allergies,"typo; similarity 0.99, reviewed"
recognitoin and management of seasonal allergies,Recognition and Management of Seasonal Allergies,"typo; similarity 0.98, reviewed"
reportig and documenting adverse incidents,Reporting and documenting adverse incidents,"typo; similarity 0.99, reviewed"
reporting an documenting adverse incidents,Reporting and documenting adverse incidents,"typo; similarity 0.99, reviewed"
reporting and documentin adverse incidents,Reporting and documenting adverse incidents,"typo; similarity 0.99, reviewed"
reporting and documenting adverse incidnts,Reporting and documenting adverse incidents,"typo; similarity 0.99, reviewed"
reporting and documenting adverse inicdents,Reporting and documenting adverse incidents,"typo; similarity 0.98, reviewed"
reporting and documenting daverse incidents,Reporting and documenting adverse incidents,"typo; similarity 0.98, reviewed"
repporting and documenting adverse incidents,Reporting and documenting adverse incidents,"typo; similarity 0.99, reviewed"
respectful maternaal care in practice,Respectful maternal care in practice,"typo; similarity 0.99, reviewed"
respectful maternl care in practice,Respectful maternal care in practice,"typo; similarity 0.99, reviewed"
respectfuul maternal care in practice,Respectful maternal care in practice,"typo; similarity 0.99, reviewed"
rt41 hiv and syphiil diagnostic test kits,RT41 HIV and Syphili diagnostic test kits,"typo; similarity 0.98, reviewed"
rt41 hiv and syphiili diagnostic test kits,RT41 HIV and Syphili diagnostic test kits,"typo; similarity 0.99, reviewed"
rt41 hiv and syphili diagnosic test kits,RT41 HIV and Syphili diagnostic test kits,"typo; similarity 0.99, reviewed"
rt41 hiv and syphili diagnostic testk its,RT41 HIV and Syphili diagnostic test kits,"typo; similarity 0.98, reviewed"
rt41 hiv and syphilii diagnostic test kits,RT41 HIV and Syphili diagnostic test kits,"typo; similarity 0.99, reviewed"
savin mothers report,Saving mothers report,"typo; similarity 0.98, reviewed"
saving mohers report,Saving mothers report,"typo; similarity 0.98, reviewed"
saving moters report,Saving mothers report,"typo; similarity 0.98, reviewed"
savingm others report,Saving mothers report,"typo; similarity 0.95, reviewed"
secure handliing of patient valuables,Secure handling of patient valuables,"typo; similarity 0.99, reviewed"
secure handling of paatient valuables,Secure handling of patient valuables,"typo; similarity 0.99, reviewed"
secure handling of patient valuablees,Secure handling of patient valuables,"typo; similarity 0.99, reviewed"
secure handlingg of patient valuables,Secure handling of patient valuables,"typo; similarity 0.99, reviewed"
seual reproductive health,Sexual Reproductive Health (SRH),"typo; similarity 0.91, reviewed"
sexua lreproductive health,Sexual Reproductive Health (SRH),"typo; similarity 0.89, reviewed"
sexual reprodctive health,Sexual Reproductive Health (SRH),"typo; similarity 0.91, reviewed"
sexual reproductive health,Sexual Reproductive Health (SRH),"typo; similarity 0.93, reviewed"
sexual reproductve health,Sexual Reproductive Health (SRH),"typo; similarity 0.91, reviewed"
sexual reproductvie health,Sexual Reproductive Health (SRH),"typo; similarity 0.89, reviewed"
souht african triage scale sats,South African Triage Scale (SATS),"typo; similarity 0.97, reviewed"
sout african triage scale sats,South African Triage Scale (SATS),"typo; similarity 0.98, reviewed"
south afican triage scale sats,South African Triage Scale (SATS),"typo; similarity 0.98, reviewed"
south afrcian triage scale sats,South African Triage Scale (SATS),"typo; similarity 0.97, reviewed"
south african riage scale sats,South African Triage Scale (SATS),"typo; similarity 0.98, reviewed"
south african triaeg scale sats,South African Triage Scale (SATS),"typo; similarity 0.97, reviewed"
south african triag scale sats,South African Triage Scale (SATS),"typo; similarity 0.98, reviewed"
south african triage scae sats,South African Triage Scale (SATS),"typo; similarity 0.98, reviewed"
south african triage scal sats,South African Triage Scale (SATS),"typo; similarity 0.98, reviewed"
south african triage scale sat,South African Triage Scale (SATS),"typo; similarity 0.98, reviewed"
south african triage scale ssats,South African Triage Scale (SATS),"typo; similarity 0.98, reviewed"
south african triage scalle sats,South African Triage Scale (SATS),"typo; similarity 0.98, reviewed"
south african triage sclae sats,South African Triage Scale (SATS),"typo; similarity 0.97, reviewed"
south african triage scle sats,South African Triage Scale (SATS),"typo; similarity 0.98, reviewed"
south african triage sscale sats,South African Triage Scale (SATS),"typo; similarity 0.98, reviewed"
south african triiage scale sats,South African Triage Scale (SATS),"typo; similarity 0.98, reviewed"
south africn triage scale sats,South African Triage Scale (SATS),"typo; similarity 0.98, reviewed"
south arican triage scale sats,South African Triage Scale (SATS),"typo; similarity 0.98, reviewed"
stoma carre,Stoma Care,"typo; similarity 0.95, reviewed"
transdermal fentaanyl clinical evidence for health care practitioners,Transdermal fentanyl: Clinical evidence for health care practitioners,"typo; similarity 0.99, reviewed"
transdermal fentanyl c linical evidence for health care practitioners,Transdermal fentanyl: Clinical evidence for health care practitioners,"typo; similarity 0.99, reviewed"
transdermal fentanyl clinical evidece for health care practitioners,Transdermal fentanyl: Clinical evidence for health care practitioners,"typo; similarity 0.99, reviewed"
transdermal fentanyl clinical evidnce for health care practitioners,Transdermal fentanyl: Clinical evidence for health care practitioners,"typo; similarity 0.99, reviewed"
transdermal fentanyl clinical eviidence for health care practitioners,Transdermal fentanyl: Clinical evidence for health care practitioners,"typo; similarity 0.99, reviewed"
type 1 diabetes mellitus in chhildren and adolescents,Type 1 Diabetes Mellitus in children and adolescents,"typo; similarity 0.99, reviewed"
type 1 diabetes mellitus in children and adolesccents,Type 1 Diabetes Mellitus in children and adolescents,"typo; similarity 0.99, reviewed"
type 1 diabetes mellitus in children nd adolescents,Type 1 Diabetes Mellitus in children and adolescents,"typo; similarity 0.99, reviewed"
type 1 diabetes mellitus in hcildren and adolescents,Type 1 Diabetes Mellitus in children and adolescents,"typo; similarity 0.98, reviewed"
type diabetes mellitus in children and adolescents,Type 1 Diabetes Mellitus in children and adolescents,"typo; similarity 0.98, reviewed"
wcdhw asbestos operatioonal and management training,WCDHW Asbestos operational and management training,"typo; similarity 0.99, reviewed"
what it entails to b ea professional,What it entails to be a professional,"typo; similarity 0.97, reviewed"
what it entails to be a professionaal,What it entails to be a professional,"typo; similarity 0.99, reviewed"
what it entails to be a professionl,What it entails to be a professional,"typo; similarity 0.99, reviewed"
what it entails to be a professionnal,What it entails to be a professional,"typo; similarity 0.99, reviewed"
what it entails to be a professonal,What it entails to be a professional,"typo; similarity 0.99, reviewed"
what it entails to be a profssional,What it entails to be a professional,"typo; similarity 0.99, reviewed"
what it entials to be a professional,What it entails to be a professional,"typo; similarity 0.97, reviewed"
what itt entails to be a professional,What it entails to be a professional,"typo; similarity 0.99, reviewed"
what ti entails to be a professional,What it entails to be a professional,"typo; similarity 0.97, reviewed"
workshop on innovative teaching and asesssment strategies,Workshop on Innovative Teaching and Assessment Strategies,"typo; similarity 0.98, reviewed"
worksshop on innovative teaching and assessment strategies,Workshop on Innovative Teaching and Assessment Strategies,"typo; similarity 0.99, reviewed"
introduction and awareness circular h124 2024 supplementary list 166,Introduction and awareness: Circular H124/2024- Supplementary list 165
introduction and awareness circular h124 2024 supplementary list 167,Introduction and awareness: Circular H124/2024- Supplementary list 165
introduction and awareness circular h124 2024 supplementary list 169,Introduction and awareness: Circular H124/2024- Supplementary list 165
introduction and awareness circular h124 2024 supplementary list 175,Introduction and awareness: Circular H124/2024- Supplementary list 165
introduction and awareness circular h124 2024 supplementary list 176,Introduction and awareness: Circular H124/2024- Supplementary list 165
introduction and awareness circular h124 2024 supplementarylist 168,Introduction and awareness: Circular H124/2024- Supplementary list 165
introduction and awareness circular h124 2024 supplementary list 177,Introduction and awareness: Circular H124/2024- Supplementary list 165
introduction and awareness circular h124 2024 supplementary list 170,Introduction and awareness: Circular H124/2024- Supplementary list 165
introduction and awareness circular h124 2024 supplementary list 172,Introduction and awareness: Circular H124/2024- Supplementary list 165
introduction and awareness circular h124 2024 supplementary list 173,Introduction and awareness: Circular H124/2024- Supplementary list 165
introduction and awareness circular h124 2024 supplementary list 174,Introduction and awareness: Circular H124/2024- Supplementary list 165
introduction and awareness circular h124 2024 supplementary list 178,Introduction and awareness: Circular H124/2024- Supplementary list 165
introduction and awareness circular h124 2024 supplementary list 179,Introduction and awareness: Circular H124/2024- Supplementary list 165
introduction and awareness circular h124 2024 supplementary list 181,Introduction and awareness: Circular H124/2024- Supplementary list 165
introduction and awareness circular h124 2024 supplementarry list 182,Introduction and awareness: Circular H124/2024- Supplementary list 165
intrduction and awareness circular h124 2024 supplementary list 171,Introduction and awareness: Circular H124/2024- Supplementary list 165
introduction and awareness circular h124 2024 supplemnetary list 180,Introduction and awareness: Circular H124/2024- Supplementary list 165
