source_key,district,note
alfred nzo district,Other / Out of province,South African district outside the Western Cape
alfred nzo district municipality,Other / Out of province,South African district outside the Western Cape
amathole district,Other / Out of province,South African district outside the Western Cape
amathole district municipality,Other / Out of province,South African district outside the Western Cape
bojanala platinum district municipality,Other / Out of province,South African district outside the Western Cape
buffalo city district,Other / Out of province,South African district outside the Western Cape
buffalo city metropolitan municipality,Other / Out of province,South African district outside the Western Cape
caape winelands,Cape Winelands,"typo of 'cape winelands', reviewed"
cae winelands,Cape Winelands,"typo of 'cape winelands', reviewed"
caep winelands,Cape Winelands,"typo of 'cape winelands', reviewed"
cap ewinelands,Cape Winelands,"typo of 'cape winelands', reviewed"
cape wielands,Cape Winelands,"typo of 'cape winelands', reviewed"
cape wienlands,Cape Winelands,"typo of 'cape winelands', reviewed"
cape wiinelands,Cape Winelands,"typo of 'cape winelands', reviewed"
cape wineands,Cape Winelands,"typo of 'cape winelands', reviewed"
cape wineelands,Cape Winelands,"typo of 'cape winelands', reviewed"
cape winelads,Cape Winelands,"typo of 'cape winelands', reviewed"
cape winelandds,Cape Winelands,"typo of 'cape winelands', reviewed"
cape winelands,Cape Winelands,exact after removing municipality/district suffix
cape winelands district,Cape Winelands,exact after removing municipality/district suffix
cape winelands district municipality,Cape Winelands,exact after removing municipality/district suffix
cape winelannds,Cape Winelands,"typo of 'cape winelands', reviewed"
cape winelans,Cape Winelands,"typo of 'cape winelands', reviewed"
cape winellands,Cape Winelands,"typo of 'cape winelands', reviewed"
cape winelnads,Cape Winelands,"typo of 'cape winelands', reviewed"
cape winlands,Cape Winelands,"typo of 'cape winelands', reviewed"
cape winleands,Cape Winelands,"typo of 'cape winelands', reviewed"
cape winnelands,Cape Winelands,"typo of 'cape winelands', reviewed"
cape wnelands,Cape Winelands,"typo of 'cape winelands', reviewed"
cape wnielands,Cape Winelands,"typo of 'cape winelands', reviewed"
capee winelands,Cape Winelands,"typo of 'cape winelands', reviewed"
capew inelands,Cape Winelands,"typo of 'cape winelands', reviewed"
capricorn district,Other / Out of province,South African district outside the Western Cape
cenrtal karoo,Central Karoo,"typo of 'central karoo', reviewed"
centra lkaroo,Central Karoo,"typo of 'central karoo', reviewed"
central kaaroo,Central Karoo,"typo of 'central karoo', reviewed"
central karo,Central Karoo,"typo of 'central karoo', reviewed"
central karoo,Central Karoo,exact after removing municipality/district suffix
central karoo district,Central Karoo,exact after removing municipality/district suffix
central karoo district municipality,Central Karoo,exact after removing municipality/district suffix
central karroo,Central Karoo,"typo of 'central karoo', reviewed"
centrral karoo,Central Karoo,"typo of 'central karoo', reviewed"
centtral karoo,Central Karoo,"typo of 'central karoo', reviewed"
chris hani district,Other / Out of province,South African district outside the Western Cape
chris hani district municipality,Other / Out of province,South African district outside the Western Cape
city of cape town district,City of Cape Town,exact after removing municipality/district suffix
city of johannesburg district,Other / Out of province,South African district outside the Western Cape
city of johannesburg metropolitan municipality,Other / Out of province,South African district outside the Western Cape
city of tshwane metropolitan municipality,Other / Out of province,South African district outside the Western Cape
cnetral karoo,Central Karoo,"typo of 'central karoo', reviewed"
cpae winelands,Cape Winelands,"typo of 'cape winelands', reviewed"
cpe winelands,Cape Winelands,"typo of 'cape winelands', reviewed"
eastern cape other,Other / Out of province,South African district outside the Western Cape
ehlanzeni district,Other / Out of province,South African district outside the Western Cape
ehlanzeni district municipality,Other / Out of province,South African district outside the Western Cape
ekurhuleni district,Other / Out of province,South African district outside the Western Cape
free state other,Other / Out of province,South African district outside the Western Cape
gaarden route,Garden Route,"typo of 'garden route', reviewed"
gaden route,Garden Route,"typo of 'garden route', reviewed"
gadren route,Garden Route,"typo of 'garden route', reviewed"
gardden route,Garden Route,"typo of 'garden route', reviewed"
garde nroute,Garden Route,"typo of 'garden route', reviewed"
garde route,Garden Route,"typo of 'garden route', reviewed"
gardeen route,Garden Route,"typo of 'garden route', reviewed"
garden orute,Garden Route,"typo of 'garden route', reviewed"
garden rooute,Garden Route,"typo of 'garden route', reviewed"
garden rote,Garden Route,"typo of 'garden route', reviewed"
garden rotue,Garden Route,"typo of 'garden route', reviewed"
garden roue,Garden Route,"typo of 'garden route', reviewed"
garden rouet,Garden Route,"typo of 'garden route', reviewed"
garden route,Garden Route,exact after removing municipality/district suffix
garden route district,Garden Route,exact after removing municipality/district suffix
garden route district municipality,Garden Route,exact after removing municipality/district suffix
garden rouute,Garden Route,"typo of 'garden route', reviewed"
garden rroute,Garden Route,"typo of 'garden route', reviewed"
garden ruote,Garden Route,"typo of 'garden route', reviewed"
garden rute,Garden Route,"typo of 'garden route', reviewed"
gardenn route,Garden Route,"typo of 'garden route', reviewed"
gardne route,Garden Route,"typo of 'garden route', reviewed"
garedn route,Garden Route,"typo of 'garden route', reviewed"
garen route,Garden Route,"typo of 'garden route', reviewed"
gauteng other,Other / Out of province,South African district outside the Western Cape
graden route,Garden Route,"typo of 'garden route', reviewed"
grden route,Garden Route,"typo of 'garden route', reviewed"
joe gqabi district,Other / Out of province,South African district outside the Western Cape
johannesburg metro district,Other / Out of province,South African district outside the Western Cape
king cetshwayo district,Other / Out of province,South African district outside the Western Cape
kwazulu natal other,Other / Out of province,South African district outside the Western Cape
limpopo other,Other / Out of province,South African district outside the Western Cape
mangaung district,Other / Out of province,South African district outside the Western Cape
meetro,City of Cape Town,"typo of 'metro', reviewed"
mero,City of Cape Town,"typo of 'metro', reviewed"
merto,City of Cape Town,"typo of 'metro', reviewed"
meto,City of Cape Town,"typo of 'metro', reviewed"
metor,City of Cape Town,"typo of 'metro', reviewed"
metro,City of Cape Town,exact after removing municipality/district suffix
metrro,City of Cape Town,"typo of 'metro', reviewed"
mettro,City of Cape Town,"typo of 'metro', reviewed"
mpumalanga other,Other / Out of province,South African district outside the Western Cape
mtero,City of Cape Town,"typo of 'metro', reviewed"
mtro,City of Cape Town,"typo of 'metro', reviewed"
nelson mandela bay district,Other / Out of province,South African district outside the Western Cape
nelson mandela bay municipality,Other / Out of province,South African district outside the Western Cape
ngaka modiri molema district,Other / Out of province,South African district outside the Western Cape
north west other,Other / Out of province,South African district outside the Western Cape
northern cape other,Other / Out of province,South African district outside the Western Cape
oevrberg,Overberg,"typo of 'overberg', reviewed"
or tambo district,Other / Out of province,South African district outside the Western Cape
or tambo district municipality,Other / Out of province,South African district outside the Western Cape
otehr,Other / Out of province,"typo of 'other', reviewed"
other,Other / Out of province,exact after removing municipality/district suffix
othher,Other / Out of province,"typo of 'other', reviewed"
othr,Other / Out of province,"typo of 'other', reviewed"
ovebrerg,Overberg,"typo of 'overberg', reviewed"
oveerberg,Overberg,"typo of 'overberg', reviewed"
overbeg,Overberg,"typo of 'overberg', reviewed"
overberg,Overberg,exact after removing municipality/district suffix
overberg district,Overberg,exact after removing municipality/district suffix
overberg district municipality,Overberg,exact after removing municipality/district suffix
overberrg,Overberg,"typo of 'overberg', reviewed"
overebrg,Overberg,"typo of 'overberg', reviewed"
overrberg,Overberg,"typo of 'overberg', reviewed"
ovverberg,Overberg,"typo of 'overberg', reviewed"
sedibeng district,Other / Out of province,South African district outside the Western Cape
sekhukhune district,Other / Out of province,South African district outside the Western Cape
sekhukhune district municipality,Other / Out of province,South African district outside the Western Cape
thabo mofutsanyana district municipality,Other / Out of province,South African district outside the Western Cape
tshwane metsweding district,Other / Out of province,South African district outside the Western Cape
ugu district district,Other / Out of province,South African district outside the Western Cape
umgungundlovu district,Other / Out of province,South African district outside the Western Cape
unassigned,Unknown / Unmapped,no district in source/lookup
waterberg district,Other / Out of province,South African district outside the Western Cape
waterberg district municipality,Other / Out of province,South African district outside the Western Cape
weest coast,West Coast,"typo of 'west coast', reviewed"
wes coast,West Coast,"typo of 'west coast', reviewed"
wesst coast,West Coast,"typo of 'west coast', reviewed"
west caost,West Coast,"typo of 'west coast', reviewed"
west cast,West Coast,"typo of 'west coast', reviewed"
west coaast,West Coast,"typo of 'west coast', reviewed"
west coast,West Coast,exact after removing municipality/district suffix
west coast district,West Coast,exact after removing municipality/district suffix
west coast district municipality,West Coast,exact after removing municipality/district suffix
west coats,West Coast,"typo of 'west coast', reviewed"
west rand district,Other / Out of province,South African district outside the Western Cape
western cape metropole city of cape town municipality,City of Cape Town,exact after removing municipality/district suffix
western cape other,Unknown / Unmapped,no district in source/lookup
westt coast,West Coast,"typo of 'west coast', reviewed"
wet coast,West Coast,"typo of 'west coast', reviewed"
wets coast,West Coast,"typo of 'west coast', reviewed"
wst coast,West Coast,"typo of 'west coast', reviewed"
zf mgcawu district,Other / Out of province,South African district outside the Western Cape
